{
  "version": 1,
  "model_type": "manual_logistic_regression",
  "created_at": "2026-07-21T16:21:24.518435+00:00",
  "label_source": "hybrid",
  "feature_columns": [
    "log_streams",
    "log_total_minutes",
    "log_active_days",
    "avg_minutes_per_stream",
    "skip_rate",
    "log_listen_strength",
    "log_recent_listen_strength",
    "recency_score",
    "completion_signal",
    "log_track_play_count",
    "log_artist_stream_count",
    "feedback_model_score",
    "feedback_relative_match_scaled",
    "feedback_similarity_score",
    "feedback_quality_score",
    "feedback_confidence",
    "feedback_recency_score",
    "feedback_known_track_penalty",
    "feedback_diversity_penalty",
    "feedback_score_delta",
    "feedback_is_catalog_backfill"
  ],
  "weights": [
    0.14115351006100707,
    0.4755348463740251,
    0.19954203243176058,
    0.6532551561073691,
    -1.0703385835584434,
    0.40379385357895126,
    0.008916847662795319,
    -0.05328993936004602,
    0.4501612560261249,
    0.14115351006100707,
    0.1879036509001801,
    0.2222005703754281,
    0.08466749367489863,
    0.0,
    0.0,
    0.0,
    0.0,
    0.0,
    0.0,
    0.0,
    -0.13031455481282964
  ],
  "bias": 1.3518662807473538,
  "means": [
    1.7498714855790194,
    2.0296758532469465,
    1.5350309622571447,
    1.8119482317608107,
    0.41526995163685126,
    1.844754389471081,
    0.2403405256781579,
    0.021323925551179467,
    1.5367596372706012,
    1.7498714855790194,
    5.488855810003976,
    0.0179438092126756,
    0.027049983665468777,
    0.0,
    0.0,
    0.0,
    0.0,
    0.0,
    0.0,
    0.0,
    0.020581509310682783
  ],
  "standard_deviations": [
    1.3520798291656284,
    1.8384288025518034,
    1.1321819127597679,
    1.4961405318312735,
    0.40302179092093054,
    1.803011583223252,
    0.8095471816382891,
    0.10008755506688678,
    1.4936059157225368,
    1.3520798291656284,
    3.073954681642124,
    0.10327568991050025,
    0.14621463611623625,
    1.0,
    1.0,
    1.0,
    1.0,
    1.0,
    1.0,
    1.0,
    0.14197855748378913
  ],
  "default_blend_weight": 0.3,
  "training": {
    "x_shape": [
      4082,
      21
    ],
    "y_shape": [
      4082
    ],
    "label_counts": {
      "1.0": 2718,
      "0.0": 1364
    },
    "label_source_counts": {
      "proxy_listening_behavior": 3943,
      "artist_feedback": 136,
      "song_feedback": 3
    },
    "sample_weight_by_source": {
      "artist_feedback": 5.0,
      "proxy_listening_behavior": 1.0,
      "song_feedback": 5.0
    },
    "train_accuracy": 0.9310048668766104,
    "test_accuracy": 0.9100436681222707,
    "train_log_loss": 0.21512837103196522,
    "test_log_loss": 0.2342944868927141,
    "sklearn_test_accuracy": 0.9231441048034935,
    "sklearn_test_log_loss": 0.2187397945319037
  }
}
